Name String,Filename,Description,CLSID Description,CLSID,Product Name,File Description,File Version,Company Name,File Modified Time,File Created Time,Standalone
ActiveX Control,C:\WINDOWS\system32\mmcndmgr.dll,,OCX,{C96401CF-0E17-11D3-885B-00C04F72C717},Microsoft® Windows® Operating System,MMC Node Manager DLL,10.0.18362.1 (WinBuild.160101.0800),Microsoft Corporation,2019-03-19 4:45:45 AM,2019-03-19 4:45:45 AM,Yes
Administrative Templates (Computers),C:\WINDOWS\System32\AdmTmpl.dll,,Administrative Templates - Starter GPO (Computer),{84DE202D-5D95-4764-9014-A46F994CE856},Microsoft® Windows® Operating System,Administrative Templates Extension,10.0.18362.1 (WinBuild.160101.0800),Microsoft Corporation,2019-03-19 6:23:16 AM,2019-03-19 4:57:50 AM,No
Administrative Templates (Computers),C:\WINDOWS\System32\AdmTmpl.dll,,Administrative Templates (Computers),{D02B1F72-3407-48ae-BA88-E8213C6761F1},Microsoft® Windows® Operating System,Administrative Templates Extension,10.0.18362.1 (WinBuild.160101.0800),Microsoft Corporation,2019-03-19 6:23:16 AM,2019-03-19 4:57:50 AM,No
Administrative Templates (Computers),C:\WINDOWS\System32\scrptadm.dll,,Administrative Templates (Computers),{B6F9C8AE-EF3A-41C8-A911-37370C331DD4},Microsoft® Windows® Operating System,Script Adm Extension,10.0.18362.1 (WinBuild.160101.0800),Microsoft Corporation,2019-03-19 6:23:13 AM,2019-03-19 4:57:49 AM,No
Administrative Templates (Users),C:\WINDOWS\System32\scrptadm.dll,,Administrative Templates (Users),{B6F9C8AF-EF3A-41C8-A911-37370C331DD4},Microsoft® Windows® Operating System,Script Adm Extension,10.0.18362.1 (WinBuild.160101.0800),Microsoft Corporation,2019-03-19 6:23:13 AM,2019-03-19 4:57:49 AM,No
Administrative Templates (Users),C:\WINDOWS\System32\AdmTmpl.dll,,Administrative Templates - Starter GPO (User),{84DE202E-5D95-4764-9014-A46F994CE856},Microsoft® Windows® Operating System,Administrative Templates Extension,10.0.18362.1 (WinBuild.160101.0800),Microsoft Corporation,2019-03-19 6:23:16 AM,2019-03-19 4:57:50 AM,No
Administrative Templates (Users),C:\WINDOWS\System32\AdmTmpl.dll,,Administrative Templates (Users),{D02B1F73-3407-48ae-BA88-E8213C6761F1},Microsoft® Windows® Operating System,Administrative Templates Extension,10.0.18362.1 (WinBuild.160101.0800),Microsoft Corporation,2019-03-19 6:23:16 AM,2019-03-19 4:57:50 AM,No
Advanced Audit Policy Configuration,C:\WINDOWS\Microsoft.NET\assembly\GAC_MSIL\SecurityAuditPoliciesSnapIn\v4.0_10.0.0.0__31bf3856ad364e35\SecurityAuditPoliciesSnapIn.dll,Configures granular audit policies for Windows,,FX:{0f3f3735-573d-9804-99e4-ab2a69ba5fd4},Microsoft (R) Windows (R) Operating System,Microsoft.AuditPolicy.SnapIn,10.0.18362.1,Microsoft Corporation,2019-03-19 6:23:18 AM,2019-03-19 4:59:54 AM,No
Advanced Audit Policy Configuration,C:\WINDOWS\system32\AuditNativeSnapIn.dll,,Advanced Audit Policy Configuration,{E25E57E9-DA9C-4A35-A0D8-CFB5EA6AF7E6},Microsoft® Windows® Operating System,Audit Policy Group Policy Editor Extension,10.0.18362.1 (WinBuild.160101.0800),Microsoft Corporation,2019-03-19 6:23:19 AM,2019-03-19 4:57:31 AM,No
Application Control Policies Configuration SnapIn,C:\WINDOWS\Microsoft.NET\assembly\GAC_MSIL\SrpUxSnapIn\v4.0_10.0.0.0__31bf3856ad364e35\SrpUxSnapIn.dll,Configures AppLocker for Windows,,FX:{8A1A4AD2-7F9F-492c-9E1D-F725E3CBF2F0},Microsoft (R) Windows (R) Operating System,Microsoft.SrpUx.SnapIn,10.0.18362.1,Microsoft Corporation,2019-03-19 6:23:04 AM,2019-03-19 4:59:54 AM,No
Application Control Policies Configuration SnapIn,C:\WINDOWS\system32\SrpUxNativeSnapIn.dll,,AppLocker Configuration Tool,{C4457F51-993A-4b98-A19B-EC2B4F0DA087},Microsoft® Windows® Operating System,Application Control Policies Group Policy Editor Extension,10.0.18362.1 (WinBuild.160101.0800),Microsoft Corporation,2019-03-19 6:23:19 AM,2019-03-19 4:59:30 AM,No
ASP.NET Management Extension,C:\Windows\Microsoft.NET\Framework64\v2.0.50727\MmcAspExt.dll,,,{fedb2179-2335-48f1-aa28-5cda35a2b36d},Microsoft® .NET Framework,Microsoft ASP.NET Support DLL,2.0.50727.9136 (WinRelRS6.050727-9100),Microsoft Corporation,2019-09-13 5:27:45 AM,2019-09-13 5:27:45 AM,No
Authorization Manager,C:\WINDOWS\system32\azroleui.dll,,,{1F5EEC01-1214-4D94-80C5-4BDCD2014DDD},Microsoft® Windows® Operating System,Authorization Manager,10.0.18362.1 (WinBuild.160101.0800),Microsoft Corporation,2019-03-19 4:45:47 AM,2019-03-19 4:45:47 AM,Yes
Certificates,C:\WINDOWS\system32\certmgr.dll,,,{53D6AB1D-2488-11D1-A28C-00C04FB94F17},Microsoft® Windows® Operating System,Certificates snap-in,10.0.18362.1 (WinBuild.160101.0800),Microsoft Corporation,2019-03-19 4:45:47 AM,2019-03-19 4:45:47 AM,Yes
Classic Event Viewer,C:\WINDOWS\system32\els.dll,,,{975797FC-4E2A-11D0-B702-00C04FD8DBF7},Microsoft® Windows® Operating System,Event Viewer Snapin,10.0.18362.1 (WinBuild.160101.0800),Microsoft Corporation,2019-03-19 4:45:38 AM,2019-03-19 4:45:38 AM,No
Classic Event Viewer Extension,C:\WINDOWS\system32\els.dll,,,{394C052E-B830-11D0-9A86-00C04FD8DBF7},Microsoft® Windows® Operating System,Event Viewer Snapin,10.0.18362.1 (WinBuild.160101.0800),Microsoft Corporation,2019-03-19 4:45:38 AM,2019-03-19 4:45:38 AM,No
Component Services,C:\Windows\System32\comsnap.dll,,ComponentDataImpl Class,{C9BC92DF-5B9A-11D1-8F00-00C04FC2C17B},Microsoft® Windows® Operating System,COM+ Explorer MMC Snapin,2001.12.10941.16384 (WinBuild.160101.0800),Microsoft Corporation,2019-03-19 4:44:30 AM,2019-03-19 4:44:30 AM,Yes
Component Services,C:\Windows\System32\comsnap.dll,,ComponentServicesExtensionSnapin Class,{DFFFAE4D-F0CF-46CD-9586-FE891237AB8A},Microsoft® Windows® Operating System,COM+ Explorer MMC Snapin,2001.12.10941.16384 (WinBuild.160101.0800),Microsoft Corporation,2019-03-19 4:44:30 AM,2019-03-19 4:44:30 AM,No
Computer Management,C:\Windows\System32\mycomput.dll,,Computer Management 1.0 Object,{58221C67-EA27-11CF-ADCF-00AA00A80033},Microsoft® Windows® Operating System,Computer Management,10.0.18362.1 (WinBuild.160101.0800),Microsoft Corporation,2019-03-19 4:45:38 AM,2019-03-19 4:45:38 AM,Yes
Device Manager,C:\WINDOWS\System32\devmgr.dll,,Device Manager,{74246bfc-4c96-11d0-abef-0020af6b0b7a},Microsoft® Windows® Operating System,Device Manager MMC Snapin,10.0.18362.1 (WinBuild.160101.0800),Microsoft Corporation,2019-03-19 4:45:00 AM,2019-03-19 4:45:00 AM,Yes
Device Manager extension,C:\WINDOWS\System32\devmgr.dll,,Device Manager extension,{90087284-d6d6-11d0-8353-00a0c90640bf},Microsoft® Windows® Operating System,Device Manager MMC Snapin,10.0.18362.1 (WinBuild.160101.0800),Microsoft Corporation,2019-03-19 4:45:00 AM,2019-03-19 4:45:00 AM,No
DFS Management,,Manages DFS Namespaces and DFS Replication.,,FX:{671ee405-c969-4af9-ad1b-65e96b3b9a10},,,,,,,Yes
DFS Management Extension,,Extension snapin for managing DFS Namespaces and DFS Replication.,,FX:{f78fbadd-c21a-4e0a-b53d-c879a9c8f002},,,,,,,No
Disk Management,C:\WINDOWS\System32\dmdskmgr.dll,,DiskManagement.SnapInComponent,{dbfca500-8c31-11d0-aa2c-00a0c92749a3},Microsoft® Windows® Operating System,Disk Management Snap-in Support Library,10.0.18362.1 (WinBuild.160101.0800),Microsoft Corporation,2019-03-19 4:43:58 AM,2019-03-19 4:43:58 AM,Yes
Disk Management Extension,C:\WINDOWS\System32\dmdskmgr.dll,,DiskManagement.SnapInExtension,{8EAD3A12-B2C1-11d0-83AA-00A0C92C9D5D},Microsoft® Windows® Operating System,Disk Management Snap-in Support Library,10.0.18362.1 (WinBuild.160101.0800),Microsoft Corporation,2019-03-19 4:43:58 AM,2019-03-19 4:43:58 AM,No
DTC MMC Property-sheet extension,C:\WINDOWS\system32\msdtcuiu.dll,,DTC MMC Property-sheet extension,{1f09b058-f3fd-4a9d-a8ba-a8a05f8fe283},Microsoft® Windows® Operating System,Microsoft Distributed Transaction Coordinator Administrative DLL,2001.12.10941.16384 (WinBuild.160101.0800),Microsoft Corporation,2019-03-19 4:45:35 AM,2019-03-19 4:45:35 AM,No
DTC MMC Snap-in,C:\WINDOWS\system32\msdtcuiu.dll,,DTC MMC Snap-in,{2f893820-7089-46cc-a6e8-c4aae45f151b},Microsoft® Windows® Operating System,Microsoft Distributed Transaction Coordinator Administrative DLL,2001.12.10941.16384 (WinBuild.160101.0800),Microsoft Corporation,2019-03-19 4:45:35 AM,2019-03-19 4:45:35 AM,No
Event Viewer,C:\WINDOWS\Microsoft.NET\assembly\GAC_MSIL\EventViewer\v4.0_10.0.0.0__31bf3856ad364e35\EventViewer.dll,Event Viewer Extension,,FX:{b05566ae-fe9c-4363-be05-7a4cbb7cb510},Microsoft (R) Windows (R) Operating System,,10.0.18362.1,Microsoft Corporation,2019-03-19 4:45:38 AM,2019-03-19 4:45:38 AM,No
Event Viewer,C:\WINDOWS\Microsoft.NET\assembly\GAC_MSIL\EventViewer\v4.0_10.0.0.0__31bf3856ad364e35\EventViewer.dll,Displays monitoring and troubleshooting messages from windows and other programs.,,FX:{b05566ad-fe9c-4363-be05-7a4cbb7cb510},Microsoft (R) Windows (R) Operating System,,10.0.18362.1,Microsoft Corporation,2019-03-19 4:45:38 AM,2019-03-19 4:45:38 AM,Yes
Extended View,C:\WINDOWS\system32\mmcndmgr.dll,,MMCViewExt 1.0 Object,{B708457E-DB61-4C55-A92F-0D4B5E9B1224},Microsoft® Windows® Operating System,MMC Node Manager DLL,10.0.18362.1 (WinBuild.160101.0800),Microsoft Corporation,2019-03-19 4:45:45 AM,2019-03-19 4:45:45 AM,No
Folder,C:\WINDOWS\system32\mmcndmgr.dll,,Folder,{C96401CC-0E17-11D3-885B-00C04F72C717},Microsoft® Windows® Operating System,MMC Node Manager DLL,10.0.18362.1 (WinBuild.160101.0800),Microsoft Corporation,2019-03-19 4:45:45 AM,2019-03-19 4:45:45 AM,Yes
Folder Redirection Editor (Users),C:\Windows\System32\fde.dll,,Folder Redirection Editor,{C40D66A0-E90C-46C6-AA3B-473E38C72BF2},Microsoft® Windows® Operating System,Folder Redirection Snapin Extension,10.0.18362.1 (WinBuild.160101.0800),Microsoft Corporation,2019-03-19 4:43:57 AM,2019-03-19 4:43:57 AM,No
Folder Redirection Editor (Users),C:\Windows\System32\fde.dll,,Folder Redirection Editor,{88E729D6-BDC1-11D1-BD2A-00C04FB9603F},Microsoft® Windows® Operating System,Folder Redirection Snapin Extension,10.0.18362.1 (WinBuild.160101.0800),Microsoft Corporation,2019-03-19 4:43:57 AM,2019-03-19 4:43:57 AM,No
Group Policy Object Editor,C:\WINDOWS\System32\GPEdit.dll,,RSOP Context Menu,{63E23168-BFF7-4E87-A246-EF024425E4EC},Microsoft® Windows® Operating System,GPEdit,10.0.18362.1 (WinBuild.160101.0800),Microsoft Corporation,2019-03-19 4:45:38 AM,2019-03-19 4:45:38 AM,No
Group Policy Object Editor,C:\WINDOWS\System32\GPEdit.dll,,Local Group Policy Editor,{8FC0B734-A0E1-11D1-A7D3-0000F87571E3},Microsoft® Windows® Operating System,GPEdit,10.0.18362.1 (WinBuild.160101.0800),Microsoft Corporation,2019-03-19 4:45:38 AM,2019-03-19 4:45:38 AM,Yes
IP Security Monitor,C:\Windows\System32\ipsmsnap.dll,,IP Security Monitor,{57C596D0-9370-40C0-BA0D-AB491B63255D},Microsoft® Windows® Operating System,IP Security Monitor Snap-in,10.0.18362.1 (WinBuild.160101.0800),Microsoft Corporation,2019-03-19 4:44:47 AM,2019-03-19 4:44:47 AM,Yes
IP Security Monitor Extension,C:\Windows\System32\ipsmsnap.dll,,IP Security Monitor,{A17DA8D0-F67D-47A0-9EC4-19C486383206},Microsoft® Windows® Operating System,IP Security Monitor Snap-in,10.0.18362.1 (WinBuild.160101.0800),Microsoft Corporation,2019-03-19 4:44:47 AM,2019-03-19 4:44:47 AM,No
IP Security Policy Management,C:\Windows\System32\ipsecsnp.dll,,Create and edit Internet Protocol Security policies,{DEA8AFA0-CC85-11d0-9CE2-0080C7221EBD},Microsoft® Windows® Operating System,IP Security Policy Management Snap-in,10.0.18362.1 (WinBuild.160101.0800),Microsoft Corporation,2019-03-19 4:44:47 AM,2019-03-19 4:44:47 AM,Yes
Link to Web Address,C:\WINDOWS\system32\mmcndmgr.dll,,HTML,{C96401D1-0E17-11D3-885B-00C04F72C717},Microsoft® Windows® Operating System,MMC Node Manager DLL,10.0.18362.1 (WinBuild.160101.0800),Microsoft Corporation,2019-03-19 4:45:45 AM,2019-03-19 4:45:45 AM,Yes
Local Users and Groups,C:\WINDOWS\system32\localsec.dll,,Microsoft Local Users and Groups MMC Snap-in,{5D6179C8-17EC-11D1-9AA9-00C04FD8FE93},Microsoft® Windows® Operating System,Local Users and Groups MMC Snapin,10.0.18362.1 (WinBuild.160101.0800),Microsoft Corporation,2019-03-19 4:45:35 AM,2019-03-19 4:45:35 AM,Yes
Name Resolution Policy,C:\Windows\System32\dnscmmc.dll,Name Resolution Policy,Name Resolution Policy,{f4d8c39a-f43d-42b4-9bdf-4e48d3044ba0},Microsoft® Windows® Operating System,DNS Client MMC Snap-in DLL,10.0.18362.1 (WinBuild.160101.0800),Microsoft Corporation,2019-03-19 4:45:38 AM,2019-03-19 4:45:38 AM,No
Name Resolution Policy,C:\Windows\System32\dnscmmc.dll,Name Resolution Policy,,FX:{f4d8c39a-f43d-42b4-9bdf-4e48d3044ba1},Microsoft® Windows® Operating System,DNS Client MMC Snap-in DLL,10.0.18362.1 (WinBuild.160101.0800),Microsoft Corporation,2019-03-19 4:45:38 AM,2019-03-19 4:45:38 AM,No
Network List Manager Policies,C:\Windows\System32\nlmgp.dll,,Network List Manager Snapin,{2D4156A2-897A-11DB-BA21-001185AD2B89},Microsoft® Windows® Operating System,Network List Manager Snapin,10.0.18362.1 (WinBuild.160101.0800),Microsoft Corporation,2019-03-19 4:45:00 AM,2019-03-19 4:45:00 AM,No
Performance Monitor,C:\WINDOWS\System32\wdc.dll,,ComponentData Class,{7478EF61-8C46-11d1-8D99-00A0C913CAD4},Microsoft® Windows® Operating System,Performance Monitor,10.00,Microsoft Corporation,2019-03-19 4:45:47 AM,2019-03-19 4:45:47 AM,Yes
Performance Monitor Extension,C:\WINDOWS\System32\wdc.dll,,ComponentData Class,{7478EF65-8C46-11d1-8D99-00A0C913CAD4},Microsoft® Windows® Operating System,Performance Monitor,10.00,Microsoft Corporation,2019-03-19 4:45:47 AM,2019-03-19 4:45:47 AM,No
Policy-based QoS (Computers),C:\WINDOWS\system32\eqossnap.dll,,"@%systemroot%\system32\eqossnap.dll,-30001",{B3408A2F-8DDA-1197-FBD5-2CE69A2DEFC0},Microsoft® Windows® Operating System,EQoS Snapin extension,10.0.18362.1 (WinBuild.160101.0800),Microsoft Corporation,2019-03-19 4:45:45 AM,2019-03-19 4:45:45 AM,No
Policy-based QoS (Users),C:\WINDOWS\system32\eqossnap.dll,,"@%systemroot%\system32\eqossnap.dll,-30001",{B3408A2F-8DDA-1197-FBD5-2CE69A2DEFC1},Microsoft® Windows® Operating System,EQoS Snapin extension,10.0.18362.1 (WinBuild.160101.0800),Microsoft Corporation,2019-03-19 4:45:45 AM,2019-03-19 4:45:45 AM,No
Print Management,C:\WINDOWS\system32\pmcsnap.dll,You can use the Print Management snapin for centralized management of multiple print servers.,PMCComponentData Class,{D06342BD-9057-4673-B43A-0E9BBBE99F11},Microsoft® Windows® Operating System,pmcsnap dll,10.0.18362.1 (WinBuild.160101.0800),Microsoft Corporation,2019-03-19 6:23:09 AM,2019-03-19 4:58:41 AM,Yes
Print Queue View Extension,C:\WINDOWS\system32\pmcsnap.dll,Print Queue View Extension,PMCPrintQueueViewExtension Class,{7C606A3F-8AA8-4E36-92D6-2B6AFEC0B732},Microsoft® Windows® Operating System,pmcsnap dll,10.0.18362.1 (WinBuild.160101.0800),Microsoft Corporation,2019-03-19 6:23:09 AM,2019-03-19 4:58:41 AM,No
Public Key Policies,C:\WINDOWS\system32\certmgr.dll,,,{34AB8E82-C27E-11D1-A6C0-00C04FB94F17},Microsoft® Windows® Operating System,Certificates snap-in,10.0.18362.1 (WinBuild.160101.0800),Microsoft Corporation,2019-03-19 4:45:47 AM,2019-03-19 4:45:47 AM,No
Pushed Printer Connection Extension (Computers),C:\WINDOWS\system32\ppcsnap.dll,Pushed Printer Connection Extension (Computers),MachineComponentData Class,{4FE8C25F-C8E9-4322-98EE-A11E117CF049},Microsoft® Windows® Operating System,ppcsnap DLL,10.0.18362.1 (WinBuild.160101.0800),Microsoft Corporation,2019-03-19 6:23:09 AM,2019-03-19 4:58:42 AM,No
Pushed Printer Connection Extension (Users),C:\WINDOWS\system32\ppcsnap.dll,Pushed Printer Connection Extension (Users),UserComponentData Class,{CB35832D-0C2C-41A9-84E1-A7CD1E0C6254},Microsoft® Windows® Operating System,ppcsnap DLL,10.0.18362.1 (WinBuild.160101.0800),Microsoft Corporation,2019-03-19 6:23:09 AM,2019-03-19 4:58:42 AM,No
Remote Desktop Gateway Extension,,Remote Desktop Gateway Extension for Remote Desktop Services Role,,FX:{476A2A1B-874D-4D88-8D88-3FAFDC50426F},,,,,,,No
Remote Desktop Gateway Snapin,,Remote Desktop Gateway Snapin,,FX:{4a5cf35e-7944-4869-9407-de1cbe40a268},,,,,,,Yes
Resultant Set of Policy,C:\WINDOWS\System32\GPEdit.dll,,Resultant Set of Policy,{6DC3804B-7212-458D-ADB0-9A07E2AE1FA2},Microsoft® Windows® Operating System,GPEdit,10.0.18362.1 (WinBuild.160101.0800),Microsoft Corporation,2019-03-19 4:45:38 AM,2019-03-19 4:45:38 AM,Yes
Scripts (Logon/Logoff),C:\WINDOWS\System32\scrptadm.dll,,Scripts (Logon/Logoff),{40B66661-4972-11D1-A7CA-0000F87571E3},Microsoft® Windows® Operating System,Script Adm Extension,10.0.18362.1 (WinBuild.160101.0800),Microsoft Corporation,2019-03-19 6:23:13 AM,2019-03-19 4:57:49 AM,No
Scripts (Logon/Logoff),C:\WINDOWS\System32\scrptadm.dll,,Scripts (Logon/Logoff),{40B66650-4972-11D1-A7CA-0000F87571E3},Microsoft® Windows® Operating System,Script Adm Extension,10.0.18362.1 (WinBuild.160101.0800),Microsoft Corporation,2019-03-19 6:23:13 AM,2019-03-19 4:57:49 AM,No
Scripts (Startup/Shutdown),C:\WINDOWS\System32\scrptadm.dll,,Scripts (Startup/Shutdown),{40B6664F-4972-11D1-A7CA-0000F87571E3},Microsoft® Windows® Operating System,Script Adm Extension,10.0.18362.1 (WinBuild.160101.0800),Microsoft Corporation,2019-03-19 6:23:13 AM,2019-03-19 4:57:49 AM,No
Scripts (Startup/Shutdown),C:\WINDOWS\System32\scrptadm.dll,,Scripts (Startup/Shutdown),{40B66660-4972-11D1-A7CA-0000F87571E3},Microsoft® Windows® Operating System,Script Adm Extension,10.0.18362.1 (WinBuild.160101.0800),Microsoft Corporation,2019-03-19 6:23:13 AM,2019-03-19 4:57:49 AM,No
Security Configuration and Analysis,C:\WINDOWS\system32\wsecedit.dll,,WSecEdit Security Manager Class,{011BE22D-E453-11D1-945A-00C04FB984F9},Microsoft® Windows® Operating System,Security Configuration UI Module,10.0.18362.719 (WinBuild.160101.0800),Microsoft Corporation,2020-03-12 9:18:57 AM,2020-03-12 9:18:57 AM,Yes
Security Settings,C:\WINDOWS\system32\wsecedit.dll,,WSecEdit Extension Class,{803E14A0-B4FB-11D0-A0D0-00A0C90F574B},Microsoft® Windows® Operating System,Security Configuration UI Module,10.0.18362.719 (WinBuild.160101.0800),Microsoft Corporation,2020-03-12 9:18:57 AM,2020-03-12 9:18:57 AM,No
Security Settings,C:\WINDOWS\system32\wsecedit.dll,,WSecEdit RSOP Security Settings Class,{FE883157-CEBD-4570-B7A2-E4FE06ABE626},Microsoft® Windows® Operating System,Security Configuration UI Module,10.0.18362.719 (WinBuild.160101.0800),Microsoft Corporation,2020-03-12 9:18:57 AM,2020-03-12 9:18:57 AM,No
Security Templates,C:\WINDOWS\system32\wsecedit.dll,,WSecEdit Security Configuration Class,{5ADF5BF6-E452-11D1-945A-00C04FB984F9},Microsoft® Windows® Operating System,Security Configuration UI Module,10.0.18362.719 (WinBuild.160101.0800),Microsoft Corporation,2020-03-12 9:18:57 AM,2020-03-12 9:18:57 AM,Yes
Service Dependencies,C:\WINDOWS\system32\wbem\servdeps.dll,,SDSnapin Class,{BD95BA60-2E26-AAD1-AD99-00AA00B8E05A},Microsoft® Windows® Operating System,WMI Snapins,10.0.18362.1 (WinBuild.160101.0800),Microsoft Corporation,2019-03-19 4:44:38 AM,2019-03-19 4:44:38 AM,No
Services,C:\WINDOWS\system32\filemgmt.dll,,SvcVwr 1.0 Object,{58221C66-EA27-11CF-ADCF-00AA00A80033},Microsoft® Windows® Operating System,Services and Shared Folders,10.0.18362.1 (WinBuild.160101.0800),Microsoft Corporation,2019-03-19 4:44:58 AM,2019-03-19 4:44:58 AM,Yes
Services Extension,C:\WINDOWS\system32\filemgmt.dll,,SvcVwr 1.0 Object,{58221C6A-EA27-11CF-ADCF-00AA00A80033},Microsoft® Windows® Operating System,Services and Shared Folders,10.0.18362.1 (WinBuild.160101.0800),Microsoft Corporation,2019-03-19 4:44:58 AM,2019-03-19 4:44:58 AM,No
Shared Folders,C:\WINDOWS\system32\filemgmt.dll,,FILEMGMT 1.0 Object,{58221C65-EA27-11CF-ADCF-00AA00A80033},Microsoft® Windows® Operating System,Services and Shared Folders,10.0.18362.1 (WinBuild.160101.0800),Microsoft Corporation,2019-03-19 4:44:58 AM,2019-03-19 4:44:58 AM,Yes
Shared Folders Extension,C:\WINDOWS\system32\filemgmt.dll,,FILEMGMT 1.0 Object,{58221C69-EA27-11CF-ADCF-00AA00A80033},Microsoft® Windows® Operating System,Services and Shared Folders,10.0.18362.1 (WinBuild.160101.0800),Microsoft Corporation,2019-03-19 4:44:58 AM,2019-03-19 4:44:58 AM,No
Software Installation (Computers),C:\WINDOWS\System32\appmgr.dll,,Software installation,{942A8E4F-A261-11D1-A760-00C04FB9603F},Microsoft® Windows® Operating System,Software Installation Snapin Extenstion,10.0.18362.1 (WinBuild.160101.0800),Microsoft Corporation,2019-03-19 6:23:14 AM,2019-03-19 4:57:50 AM,No
Software Installation (Computers),C:\WINDOWS\System32\appmgr.dll,,Software installation,{7E45546F-6D52-4D10-B702-9C2E67232E62},Microsoft® Windows® Operating System,Software Installation Snapin Extenstion,10.0.18362.1 (WinBuild.160101.0800),Microsoft Corporation,2019-03-19 6:23:14 AM,2019-03-19 4:57:50 AM,No
Software Installation (Users),C:\WINDOWS\System32\appmgr.dll,,Software installation,{1BC972D6-555C-4FF7-BE2C-C584021A0A6A},Microsoft® Windows® Operating System,Software Installation Snapin Extenstion,10.0.18362.1 (WinBuild.160101.0800),Microsoft Corporation,2019-03-19 6:23:14 AM,2019-03-19 4:57:50 AM,No
Software Installation (Users),C:\WINDOWS\System32\appmgr.dll,,Software installation,{BACF5C8A-A3C7-11D1-A760-00C04FB9603F},Microsoft® Windows® Operating System,Software Installation Snapin Extenstion,10.0.18362.1 (WinBuild.160101.0800),Microsoft Corporation,2019-03-19 6:23:14 AM,2019-03-19 4:57:50 AM,No
Software Restriction Policies,C:\WINDOWS\system32\certmgr.dll,,,{93F7AA8E-CF82-4CB7-9251-48BC637A43B8},Microsoft® Windows® Operating System,Certificates snap-in,10.0.18362.1 (WinBuild.160101.0800),Microsoft Corporation,2019-03-19 4:45:47 AM,2019-03-19 4:45:47 AM,No
Task Scheduler,C:\WINDOWS\Microsoft.NET\assembly\GAC_MSIL\TaskScheduler\v4.0_10.0.0.0__31bf3856ad364e35\TaskScheduler.dll,Task Scheduler Extension,,FX:{c7b8fb07-bfe1-4c2e-9217-7a69a95bbac4},Microsoft (R) Windows (R) Operating System,,10.0.18362.1,Microsoft Corporation,2019-03-19 4:44:33 AM,2019-03-19 4:44:33 AM,No
Task Scheduler,C:\WINDOWS\Microsoft.NET\assembly\GAC_MSIL\TaskScheduler\v4.0_10.0.0.0__31bf3856ad364e35\TaskScheduler.dll,Task Scheduler,,FX:{c7b8fb06-bfe1-4c2e-9217-7a69a95bbac4},Microsoft (R) Windows (R) Operating System,,10.0.18362.1,Microsoft Corporation,2019-03-19 4:44:33 AM,2019-03-19 4:44:33 AM,Yes
TPM Management,C:\WINDOWS\Microsoft.NET\assembly\GAC_MSIL\Microsoft.Tpm\v4.0_10.0.0.0__31bf3856ad364e35\Microsoft.Tpm.dll,The Trusted Platform Module (TPM) Management snap-in allows you to configure and manage the TPM security hardware.,,FX:{7d3830aa-e69e-4e17-8bd1-1b87b97099da},Microsoft® Windows® Operating System,TPM Management,10.0.18362.1,Microsoft Corporation,2019-03-19 4:43:54 AM,2019-03-19 4:43:54 AM,Yes
Windows Defender Firewall with Advanced Security,C:\Windows\System32\AuthFWSnapIn.dll,Configure policies that provide enhanced network security for Windows computers.,,FX:{b05566ac-fe9c-4368-be01-7a4cbb6cba13},Microsoft (R) Windows (R) Operating System,Microsoft.WindowsFirewall.SnapIn,10.0.18362.1,Microsoft Corporation,2019-03-19 4:44:47 AM,2019-03-19 4:44:47 AM,No
Windows Defender Firewall with Advanced Security,C:\Windows\System32\AuthFWGP.dll,,Windows Defender Firewall with Advanced Security,{0E752416-F29E-4195-A9DD-7F0D4D5A9D71},Microsoft® Windows® Operating System,Windows Defender Firewall with Advanced Security Group Policy Editor Extension,10.0.18362.1 (WinBuild.160101.0800),Microsoft Corporation,2019-03-19 4:44:48 AM,2019-03-19 4:44:48 AM,No
Windows Defender Firewall with Advanced Security,C:\Windows\System32\AuthFWSnapin.dll,Configure policies that provide enhanced network security for Windows computers.,,FX:{b05566ac-fe9c-4368-be01-7a4cbb6cba12},Microsoft (R) Windows (R) Operating System,Microsoft.WindowsFirewall.SnapIn,10.0.18362.1,Microsoft Corporation,2019-03-19 4:44:47 AM,2019-03-19 4:44:47 AM,No
Windows Defender Firewall with Advanced Security,C:\Windows\System32\AuthFWSnapin.dll,Configure policies that provide enhanced network security for Windows computers.,,FX:{b05566ac-fe9c-4368-be02-7a4cbb7cbe11},Microsoft (R) Windows (R) Operating System,Microsoft.WindowsFirewall.SnapIn,10.0.18362.1,Microsoft Corporation,2019-03-19 4:44:47 AM,2019-03-19 4:44:47 AM,Yes
Wired Network Policy Management,C:\Windows\System32\dot3gpui.dll,,Create and edit Wired policies,{06993B16-A5C7-47eb-B61C-B1CB7EE600AC},Microsoft® Windows® Operating System,802.3 Network Policy Management Snap-in,10.0.18362.1 (WinBuild.160101.0800),Microsoft Corporation,2019-03-19 4:43:55 AM,2019-03-19 4:43:55 AM,No
Wireless Network Policy Management,C:\Windows\System32\wlangpui.dll,,Create and edit Wireless policies,{2DA6AA7F-8C88-4194-A558-0D36E7FD3E64},Microsoft® Windows® Operating System,Wireless Network Policy Management Snap-in,10.0.18362.1 (WinBuild.160101.0800),Microsoft Corporation,2019-03-19 4:43:55 AM,2019-03-19 4:43:55 AM,No
WMI Control,C:\WINDOWS\system32\wbem\wbemcntl.dll,,WMISnapin Class,{5C659257-E236-11D2-8899-00104B2AFB46},Microsoft® Windows® Operating System,WMI Control,10.0.18362.1 (WinBuild.160101.0800),Microsoft Corporation,2019-03-19 4:44:38 AM,2019-03-19 4:44:38 AM,Yes
